recorte;nome;tipo;origem;regiao;secoes_previstas;secoes_totalizadas;pct_totalizadas;eleitorado;comparecimento;pct_comparecimento;abstencao;pct_abstencao;votos_total;validos;pct_validos;brancos;pct_brancos;nulos;pct_nulos;votos_13;pct_validos_13;votos_22;pct_validos_22;situacao_disputa;lider;diferenca_votos;diferenca_pontos;horario_totalizacao_tse;situacao_coleta;coletado_em;url_fonte;gerado_em;eleicao;turno;cargo
br;Brasil;brasil;TSE (total nacional publicado);;499248;204597;40,9810;158745502;47525428;72,9693;17605260;27,0307;47525428;45062457;94,8176;951277;2,0016;1511694;3,1808;22010901;48,8453;23051556;51,1547;lideranca;22;1040655;2,3094;2026-10-25T18:10:00-03:00;atualizado;2026-10-25T21:10:32.000Z;https://resultados.tse.jus.br/oficial/ele2026/6258/dados/br/br-c0001-e006258-u.json;2026-10-25T21:10:33.000Z;6258;2;Presidente
br-calc;Brasil (27 UFs + exterior);brasil;calculado pelo painel;;499248;199414;39,9429;158745502;46326673;73,0422;17097870;26,9578;46326673;43941086;94,8505;919637;1,9851;1465950;3,1644;21535631;49,0102;22405455;50,9898;lideranca;22;869824;1,9795;2026-10-25T18:00:00-03:00 a 2026-10-25T18:10:00-03:00;;;;2026-10-25T21:10:33.000Z;6258;2;Presidente
N;Norte;regiao;calculado pelo painel;N;43769;17231;39,3680;13101175;3914252;75,7575;1252566;24,2425;3914252;3771499;96,3530;43091;1,1009;99662;2,5461;1804065;47,8342;1967434;52,1658;lideranca;22;163369;4,3317;2026-10-25T18:10:00-03:00 a 2026-10-25T18:10:00-03:00;;;;2026-10-25T21:10:33.000Z;6258;2;Presidente
NE;Nordeste;regiao;calculado pelo painel;NE;140828;56329;39,9984;43511237;13478599;77,4432;3925894;22,5568;13478599;12757417;94,6494;234558;1,7402;486624;3,6103;8597830;67,3948;4159587;32,6052;lideranca;13;4438243;34,7895;2026-10-25T18:10:00-03:00 a 2026-10-25T18:10:00-03:00;;;;2026-10-25T21:10:33.000Z;6258;2;Presidente
CO;Centro-Oeste;regiao;calculado pelo painel;CO;38048;15217;39,9942;12001141;3363307;70,0622;1437149;29,9378;3363307;3238589;96,2918;45211;1,3442;79507;2,3640;1185216;36,5967;2053373;63,4033;lideranca;22;868157;26,8066;2026-10-25T18:10:00-03:00 a 2026-10-25T18:10:00-03:00;;;;2026-10-25T21:10:33.000Z;6258;2;Presidente
SE;Sudeste;regiao;calculado pelo painel;SE;203237;81293;39,9991;66344562;18774382;70,7458;7763441;29,2542;18774382;17654800;94,0367;458515;2,4422;661067;3,5211;7694958;43,5856;9959842;56,4144;lideranca;22;2264884;12,8287;2026-10-25T18:00:00-03:00 a 2026-10-25T18:10:00-03:00;;;;2026-10-25T21:10:33.000Z;6258;2;Presidente
S;Sul;regiao;calculado pelo painel;S;72015;28804;39,9972;22870853;6671315;72,9238;2477025;27,0762;6671315;6398267;95,9071;135936;2,0376;137112;2,0552;2190608;34,2375;4207659;65,7625;lideranca;22;2017051;31,5250;2026-10-25T18:10:00-03:00 a 2026-10-25T18:10:00-03:00;;;;2026-10-25T21:10:33.000Z;6258;2;Presidente
ac;Acre;uf;TSE (recorte da base nacional);N;2270;635;27,9736;613742;127907;74,4307;43940;25,5693;127907;122520;95,7883;1562;1,2212;3825;2,9905;37735;30,7991;84785;69,2009;lideranca;22;47050;38,4019;2026-10-25T18:10:00-03:00;atualizado;2026-10-25T21:10:30.000Z;https://resultados.tse.jus.br/oficial/ele2026/6258/dados/ac/ac-c0001-e006258-u.json;2026-10-25T21:10:33.000Z;6258;2;Presidente
al;Alagoas;uf;TSE (recorte da base nacional);NE;7101;2840;39,9944;2442126;740268;75,7811;236582;24,2189;740268;692470;93,5431;13484;1,8215;34314;4,6353;398183;57,5018;294287;42,4982;lideranca;13;103896;15,0037;2026-10-25T18:10:00-03:00;atualizado;2026-10-25T21:10:30.000Z;https://resultados.tse.jus.br/oficial/ele2026/6258/dados/al/al-c0001-e006258-u.json;2026-10-25T21:10:33.000Z;6258;2;Presidente
am;Amazonas;uf;TSE (recorte da base nacional);N;8157;3262;39,9902;2798611;834983;74,5891;284461;25,4109;834983;809503;96,9484;9760;1,1689;15720;1,8827;418798;51,7352;390705;48,2648;lideranca;13;28093;3,4704;2026-10-25T18:10:00-03:00;atualizado;2026-10-25T21:10:30.000Z;https://resultados.tse.jus.br/oficial/ele2026/6258/dados/am/am-c0001-e006258-u.json;2026-10-25T21:10:33.000Z;6258;2;Presidente
ap;Amapá;uf;TSE (recorte da base nacional);N;1914;765;39,9687;576988;174586;75,6455;56209;24,3545;174586;169912;97,3228;1766;1,0115;2908;1,6657;85001;50,0265;84911;49,9735;lideranca;13;90;0,0530;2026-10-25T18:10:00-03:00;atualizado;2026-10-25T21:10:30.000Z;https://resultados.tse.jus.br/oficial/ele2026/6258/dados/ap/ap-c0001-e006258-u.json;2026-10-25T21:10:33.000Z;6258;2;Presidente
ba;Bahia;uf;TSE (recorte da base nacional);NE;35476;14190;39,9989;11312752;3440165;76,0241;1084935;23,9759;3440165;3242942;94,2670;61974;1,8015;135249;3,9315;2265908;69,8720;977034;30,1280;lideranca;13;1288874;39,7440;2026-10-25T18:10:00-03:00;atualizado;2026-10-25T21:10:30.000Z;https://resultados.tse.jus.br/oficial/ele2026/6258/dados/ba/ba-c0001-e006258-u.json;2026-10-25T21:10:33.000Z;6258;2;Presidente
ce;Ceará;uf;TSE (recorte da base nacional);NE;23765;9506;40;6996545;2241837;80,1051;556781;19,8949;2241837;2124845;94,7814;41318;1,8430;75674;3,3755;1422105;66,9275;702740;33,0725;lideranca;13;719365;33,8549;2026-10-25T18:10:00-03:00;atualizado;2026-10-25T21:10:30.000Z;https://resultados.tse.jus.br/oficial/ele2026/6258/dados/ce/ce-c0001-e006258-u.json;2026-10-25T21:10:33.000Z;6258;2;Presidente
df;Distrito Federal;uf;TSE (recorte da base nacional);CO;6969;2787;39,9914;2258320;657507;72,7872;245821;27,2128;657507;634096;96,4394;10144;1,5428;13267;2,0178;270250;42,6197;363846;57,3803;lideranca;22;93596;14,7605;2026-10-25T18:10:00-03:00;atualizado;2026-10-25T21:10:30.000Z;https://resultados.tse.jus.br/oficial/ele2026/6258/dados/df/df-c0001-e006258-u.json;2026-10-25T21:10:33.000Z;6258;2;Presidente
es;Espírito Santo;uf;TSE (recorte da base nacional);SE;9844;3937;39,9939;2991650;873720;73,0132;322940;26,9868;873720;833288;95,3724;17284;1,9782;23148;2,6494;340011;40,8035;493277;59,1965;lideranca;22;153266;18,3929;2026-10-25T18:10:00-03:00;atualizado;2026-10-25T21:10:30.000Z;https://resultados.tse.jus.br/oficial/ele2026/6258/dados/es/es-c0001-e006258-u.json;2026-10-25T21:10:33.000Z;6258;2;Presidente
go;Goiás;uf;TSE (recorte da base nacional);CO;15686;6274;39,9974;5080590;1353769;66,6148;678467;33,3852;1353769;1296307;95,7554;18257;1,3486;39205;2,8960;475552;36,6851;820755;63,3149;lideranca;22;345203;26,6297;2026-10-25T18:10:00-03:00;atualizado;2026-10-25T21:10:30.000Z;https://resultados.tse.jus.br/oficial/ele2026/6258/dados/go/go-c0001-e006258-u.json;2026-10-25T21:10:33.000Z;6258;2;Presidente
ma;Maranhão;uf;TSE (recorte da base nacional);NE;18093;7237;39,9989;5183115;1581959;76,3035;491287;23,6965;1581959;1522136;96,2184;18526;1,1711;41297;2,6105;1026520;67,4394;495616;32,5606;lideranca;13;530904;34,8789;2026-10-25T18:10:00-03:00;atualizado;2026-10-25T21:10:31.000Z;https://resultados.tse.jus.br/oficial/ele2026/6258/dados/ma/ma-c0001-e006258-u.json;2026-10-25T21:10:33.000Z;6258;2;Presidente
mg;Minas Gerais;uf;TSE (recorte da base nacional);SE;52062;20824;39,9985;16372372;4650783;71,0157;1898165;28,9843;4650783;4386593;94,3195;107320;2,3076;156870;3,3730;2075574;47,3163;2311019;52,6837;lideranca;22;235445;5,3674;2026-10-25T18:10:00-03:00;atualizado;2026-10-25T21:10:31.000Z;https://resultados.tse.jus.br/oficial/ele2026/6258/dados/mg/mg-c0001-e006258-u.json;2026-10-25T21:10:33.000Z;6258;2;Presidente
ms;Mato Grosso do Sul;uf;TSE (recorte da base nacional);CO;7106;2842;39,9944;2024430;576428;71,1840;233344;28,8160;576428;556082;96,4703;8508;1,4760;11838;2,0537;206742;37,1783;349340;62,8217;lideranca;22;142598;25,6433;2026-10-25T18:10:00-03:00;atualizado;2026-10-25T21:10:31.000Z;https://resultados.tse.jus.br/oficial/ele2026/6258/dados/ms/ms-c0001-e006258-u.json;2026-10-25T21:10:33.000Z;6258;2;Presidente
mt;Mato Grosso;uf;TSE (recorte da base nacional);CO;8287;3314;39,9903;2637801;775603;73,5085;279517;26,4915;775603;752104;96,9702;8302;1,0704;15197;1,9594;232672;30,9361;519432;69,0639;lideranca;22;286760;38,1277;2026-10-25T18:10:00-03:00;atualizado;2026-10-25T21:10:31.000Z;https://resultados.tse.jus.br/oficial/ele2026/6258/dados/mt/mt-c0001-e006258-u.json;2026-10-25T21:10:33.000Z;6258;2;Presidente
pa;Pará;uf;TSE (recorte da base nacional);N;20827;8330;39,9962;6262397;1917735;76,5576;587223;23,4424;1917735;1836476;95,7628;21681;1,1306;59578;3,1067;970894;52,8672;865582;47,1328;lideranca;13;105312;5,7345;2026-10-25T18:10:00-03:00;atualizado;2026-10-25T21:10:31.000Z;https://resultados.tse.jus.br/oficial/ele2026/6258/dados/pa/pa-c0001-e006258-u.json;2026-10-25T21:10:33.000Z;6258;2;Presidente
pb;Paraíba;uf;TSE (recorte da base nacional);NE;10712;4284;39,9925;3248531;1017059;78,2707;282353;21,7293;1017059;949000;93,3083;20918;2,0567;47141;4,6350;616450;64,9579;332550;35,0421;lideranca;13;283900;29,9157;2026-10-25T18:10:00-03:00;atualizado;2026-10-25T21:10:31.000Z;https://resultados.tse.jus.br/oficial/ele2026/6258/dados/pb/pb-c0001-e006258-u.json;2026-10-25T21:10:33.000Z;6258;2;Presidente
pe;Pernambuco;uf;TSE (recorte da base nacional);NE;21418;8567;39,9991;7223450;2240767;77,5518;648613;22,4482;2240767;2116805;94,4679;43796;1,9545;80166;3,5776;1421588;67,1572;695217;32,8428;lideranca;13;726371;34,3145;2026-10-25T18:10:00-03:00;atualizado;2026-10-25T21:10:31.000Z;https://resultados.tse.jus.br/oficial/ele2026/6258/dados/pe/pe-c0001-e006258-u.json;2026-10-25T21:10:33.000Z;6258;2;Presidente
pi;Piauí;uf;TSE (recorte da base nacional);NE;10225;4090;40;2704758;854069;78,9414;227834;21,0586;854069;816295;95,5772;11331;1,3267;26443;3,0961;609484;74,6647;206811;25,3353;lideranca;13;402673;49,3293;2026-10-25T18:10:00-03:00;atualizado;2026-10-25T21:10:31.000Z;https://resultados.tse.jus.br/oficial/ele2026/6258/dados/pi/pi-c0001-e006258-u.json;2026-10-25T21:10:33.000Z;6258;2;Presidente
pr;Paraná;uf;TSE (recorte da base nacional);S;27142;10856;39,9971;8613657;2502353;72,6275;943109;27,3725;2502353;2399976;95,9088;48999;1,9581;53378;2,1331;821838;34,2436;1578138;65,7564;lideranca;22;756300;31,5128;2026-10-25T18:10:00-03:00;atualizado;2026-10-25T21:10:31.000Z;https://resultados.tse.jus.br/oficial/ele2026/6258/dados/pr/pr-c0001-e006258-u.json;2026-10-25T21:10:33.000Z;6258;2;Presidente
rj;Rio de Janeiro;uf;TSE (recorte da base nacional);SE;37675;15070;40;12857648;3659830;71,1606;1483229;28,8394;3659830;3463945;94,6477;80791;2,2075;115094;3,1448;1477208;42,6452;1986737;57,3548;lideranca;22;509529;14,7095;2026-10-25T18:10:00-03:00;atualizado;2026-10-25T21:10:31.000Z;https://resultados.tse.jus.br/oficial/ele2026/6258/dados/rj/rj-c0001-e006258-u.json;2026-10-25T21:10:33.000Z;6258;2;Presidente
rn;Rio Grande do Norte;uf;TSE (recorte da base nacional);NE;8115;3246;40;2659825;823002;77,3549;240928;22,6451;823002;783382;95,1859;13268;1,6121;26352;3,2019;495185;63,2112;288197;36,7888;lideranca;13;206988;26,4224;2026-10-25T18:10:00-03:00;atualizado;2026-10-25T21:10:32.000Z;https://resultados.tse.jus.br/oficial/ele2026/6258/dados/rn/rn-c0001-e006258-u.json;2026-10-25T21:10:33.000Z;6258;2;Presidente
ro;Rondônia;uf;TSE (recorte da base nacional);N;4698;1879;39,9957;1265893;370642;73,1978;135715;26,8022;370642;361461;97,5229;3938;1,0625;5243;1,4146;100266;27,7391;261195;72,2609;lideranca;22;160929;44,5218;2026-10-25T18:10:00-03:00;atualizado;2026-10-25T21:10:32.000Z;https://resultados.tse.jus.br/oficial/ele2026/6258/dados/ro/ro-c0001-e006258-u.json;2026-10-25T21:10:33.000Z;6258;2;Presidente
rr;Roraima;uf;TSE (recorte da base nacional);N;1519;607;39,9605;401521;125181;77,9419;35427;22,0581;125181;122296;97,6953;1047;0,8364;1838;1,4683;29768;24,3409;92528;75,6591;lideranca;22;62760;51,3181;2026-10-25T18:10:00-03:00;atualizado;2026-10-25T21:10:32.000Z;https://resultados.tse.jus.br/oficial/ele2026/6258/dados/rr/rr-c0001-e006258-u.json;2026-10-25T21:10:33.000Z;6258;2;Presidente
rs;Rio Grande do Sul;uf;TSE (recorte da base nacional);S;27547;11018;39,9971;8522545;2459257;72,1397;949761;27,8603;2459257;2347416;95,4522;59335;2,4127;52506;2,1350;917903;39,1027;1429513;60,8973;lideranca;22;511610;21,7946;2026-10-25T18:10:00-03:00;atualizado;2026-10-25T21:10:32.000Z;https://resultados.tse.jus.br/oficial/ele2026/6258/dados/rs/rs-c0001-e006258-u.json;2026-10-25T21:10:33.000Z;6258;2;Presidente
sc;Santa Catarina;uf;TSE (recorte da base nacional);S;17326;6930;39,9977;5734651;1709705;74,5340;584155;25,4660;1709705;1650875;96,5591;27602;1,6144;31228;1,8265;450867;27,3108;1200008;72,6892;lideranca;22;749141;45,3784;2026-10-25T18:10:00-03:00;atualizado;2026-10-25T21:10:32.000Z;https://resultados.tse.jus.br/oficial/ele2026/6258/dados/sc/sc-c0001-e006258-u.json;2026-10-25T21:10:33.000Z;6258;2;Presidente
se;Sergipe;uf;TSE (recorte da base nacional);NE;5923;2369;39,9966;1740135;539473;77,5045;156581;22,4955;539473;509542;94,4518;9943;1,8431;19988;3,7051;342407;67,1990;167135;32,8010;lideranca;13;175272;34,3979;2026-10-25T18:10:00-03:00;atualizado;2026-10-25T21:10:32.000Z;https://resultados.tse.jus.br/oficial/ele2026/6258/dados/se/se-c0001-e006258-u.json;2026-10-25T21:10:33.000Z;6258;2;Presidente
sp;São Paulo;uf;TSE (recorte da base nacional);SE;103656;41462;39,9996;34122892;9590049;70,2611;4059107;29,7389;9590049;8970974;93,5446;253120;2,6394;365955;3,8160;3802165;42,3830;5168809;57,6170;lideranca;22;1366644;15,2341;2026-10-25T18:00:00-03:00;atualizado;2026-10-25T21:10:32.000Z;https://resultados.tse.jus.br/oficial/ele2026/6258/dados/sp/sp-c0001-e006258-u.json;2026-10-25T21:10:33.000Z;6258;2;Presidente
to;Tocantins;uf;TSE (recorte da base nacional);N;4384;1753;39,9863;1182023;363218;76,8213;109591;23,1787;363218;349331;96,1767;3337;0,9187;10550;2,9046;161603;46,2607;187728;53,7393;lideranca;22;26125;7,4786;2026-10-25T18:10:00-03:00;atualizado;2026-10-25T21:10:32.000Z;https://resultados.tse.jus.br/oficial/ele2026/6258/dados/to/to-c0001-e006258-u.json;2026-10-25T21:10:33.000Z;6258;2;Presidente
zz;Exterior;exterior;TSE (recorte da base nacional);;1351;540;39,9704;916534;124818;34,0463;241795;65,9537;124818;120514;96,5518;2326;1,8635;1978;1,5847;62954;52,2379;57560;47,7621;lideranca;13;5394;4,4758;2026-10-25T18:10:00-03:00;atualizado;2026-10-25T21:10:32.000Z;https://resultados.tse.jus.br/oficial/ele2026/6258/dados/zz/zz-c0001-e006258-u.json;2026-10-25T21:10:33.000Z;6258;2;Presidente
