recorte;nome;tipo;origem;regiao;secoes_previstas;secoes_totalizadas;pct_totalizadas;eleitorado;comparecimento;pct_comparecimento;abstencao;pct_abstencao;votos_total;validos;pct_validos;brancos;pct_brancos;nulos;pct_nulos;votos_13;pct_validos_13;votos_14;pct_validos_14;votos_16;pct_validos_16;votos_21;pct_validos_21;votos_22;pct_validos_22;votos_27;pct_validos_27;votos_29;pct_validos_29;votos_30;pct_validos_30;votos_35;pct_validos_35;votos_55;pct_validos_55;votos_70;pct_validos_70;votos_80;pct_validos_80;situacao_disputa;lider;diferenca_votos;diferenca_pontos;horario_totalizacao_tse;situacao_coleta;coletado_em;url_fonte;gerado_em;eleicao;turno;cargo
br;Brasil;brasil;TSE (total nacional publicado);;499248;499248;100;158745502;125275835;78,9164;33469244;21,0836;125275835;119300788;95,2305;2300798;1,8366;3674249;2,9329;53879538;45,1628;2675887;2,2430;43103;0,0361;22693;0,0190;56104503;47,0278;40043;0,0336;15024;0,0126;326488;0,2737;16881;0,0141;2605148;2,1837;3448569;2,8907;122911;0,1030;lideranca;22;2224965;1,8650;2026-10-05T12:51:05-03:00;atualizado;2026-10-06T13:00:02.000Z;https://resultados.tse.jus.br/oficial/ele2026/6257/dados/br/br-c0001-e006257-u.json;2026-10-06T13:00:03.000Z;6257;1;Presidente
br-calc;Brasil (27 UFs + exterior);brasil;calculado pelo painel;;499248;499248;100;158745502;125275835;78,9164;33469244;21,0836;125275835;119300788;95,2305;2300798;1,8366;3674249;2,9329;53879538;45,1628;2675887;2,2430;43103;0,0361;22693;0,0190;56104503;47,0278;40043;0,0336;15024;0,0126;326488;0,2737;16881;0,0141;2605148;2,1837;3448569;2,8907;122911;0,1030;lideranca;22;2224965;1,8650;2026-10-05T12:51:05-03:00 a 2026-10-05T12:51:05-03:00;;;;2026-10-06T13:00:03.000Z;6257;1;Presidente
N;Norte;regiao;calculado pelo painel;N;43769;43769;100;13101175;10554993;80,5652;2546182;19,4348;10554993;10191910;96,5601;109407;1,0365;253676;2,4034;4550602;44,6492;177691;1,7435;2040;0,0200;1460;0,0143;5009437;49,1511;3361;0,0330;721;0,0071;8009;0,0786;1026;0,0101;137956;1,3536;291576;2,8609;8031;0,0788;lideranca;22;458835;4,5020;2026-10-05T12:51:05-03:00 a 2026-10-05T12:51:05-03:00;;;;2026-10-06T13:00:03.000Z;6257;1;Presidente
NE;Nordeste;regiao;calculado pelo painel;NE;140828;140828;100;43511237;35508871;81,6085;8002366;18,3915;35508871;33704652;94,9190;586406;1,6514;1217813;3,4296;21494584;63,7733;529395;1,5707;8259;0,0245;4714;0,0140;10398973;30,8532;7117;0,0211;2658;0,0079;28647;0,0850;2853;0,0085;390036;1,1572;818977;2,4299;18439;0,0547;lideranca;13;11095611;32,9201;2026-10-05T12:51:05-03:00 a 2026-10-05T12:51:05-03:00;;;;2026-10-06T13:00:03.000Z;6257;1;Presidente
CO;Centro-Oeste;regiao;calculado pelo painel;CO;38048;38048;100;12001141;9396336;78,2954;2604805;21,7046;9396336;9084197;96,6781;113031;1,2029;199108;2,1190;2963043;32,6176;165836;1,8255;2189;0,0241;1373;0,0151;5133436;56,5095;3770;0,0415;955;0,0105;12803;0,1409;1051;0,0116;613487;6,7533;178995;1,9704;7259;0,0799;lideranca;22;2170393;23,8920;2026-10-05T12:51:05-03:00 a 2026-10-05T12:51:05-03:00;;;;2026-10-06T13:00:03.000Z;6257;1;Presidente
SE;Sudeste;regiao;calculado pelo painel;SE;203237;203237;100;66344562;51281350;77,2955;15063212;22,7045;51281350;48479961;94,5372;1146293;2,2353;1655096;3,2275;19237398;39,6811;1316598;2,7158;24537;0,0506;11671;0,0241;24899609;51,3606;19030;0,0393;7888;0,0163;220822;0,4555;9133;0,0188;1048935;2,1636;1614623;3,3305;69717;0,1438;lideranca;22;5662211;11,6795;2026-10-05T12:51:05-03:00 a 2026-10-05T12:51:05-03:00;;;;2026-10-06T13:00:03.000Z;6257;1;Presidente
S;Sul;regiao;calculado pelo painel;S;72015;72015;100;22870853;18192519;79,5446;4678334;20,4554;18192519;17509186;96,2439;339845;1,8680;343488;1,8881;5476524;31,2780;477787;2,7288;5705;0,0326;3054;0,0174;10519148;60,0779;5940;0,0339;2603;0,0149;52878;0,3020;2445;0,0140;410026;2,3418;534664;3,0536;18412;0,1052;lideranca;22;5042624;28,7999;2026-10-05T12:51:05-03:00 a 2026-10-05T12:51:05-03:00;;;;2026-10-06T13:00:03.000Z;6257;1;Presidente
ac;Acre;uf;TSE (recorte da base nacional);N;2270;2270;100;613742;488330;79,5660;125412;20,4340;488330;469066;96,0551;5579;1,1425;13685;2,8024;134770;28,7316;7980;1,7013;71;0,0151;140;0,0298;302807;64,5553;215;0,0458;40;0,0085;573;0,1222;39;0,0083;8594;1,8322;13523;2,8830;314;0,0669;lideranca;22;168037;35,8237;2026-10-05T12:51:05-03:00;atualizado;2026-10-06T13:00:00.000Z;https://resultados.tse.jus.br/oficial/ele2026/6257/dados/ac/ac-c0001-e006257-u.json;2026-10-06T13:00:03.000Z;6257;1;Presidente
al;Alagoas;uf;TSE (recorte da base nacional);NE;7101;7101;100;2442126;1938428;79,3746;503698;20,6254;1938428;1818856;93,8315;33712;1,7391;85860;4,4294;995459;54,7300;26851;1,4763;431;0,0237;267;0,0147;735718;40,4495;636;0,0350;110;0,0060;1168;0,0642;246;0,0135;14198;0,7806;42427;2,3326;1345;0,0739;lideranca;13;259741;14,2805;2026-10-05T12:51:05-03:00;atualizado;2026-10-06T13:00:00.000Z;https://resultados.tse.jus.br/oficial/ele2026/6257/dados/al/al-c0001-e006257-u.json;2026-10-06T13:00:03.000Z;6257;1;Presidente
am;Amazonas;uf;TSE (recorte da base nacional);N;8157;8157;100;2798611;2234549;79,8449;564062;20,1551;2234549;2170763;97,1455;24402;1,0920;39384;1,7625;1046996;48,2317;35411;1,6313;457;0,0211;265;0,0122;976764;44,9963;929;0,0428;161;0,0074;1781;0,0820;291;0,0134;28310;1,3041;77531;3,5716;1867;0,0860;lideranca;13;70232;3,2354;2026-10-05T12:51:05-03:00;atualizado;2026-10-06T13:00:00.000Z;https://resultados.tse.jus.br/oficial/ele2026/6257/dados/am/am-c0001-e006257-u.json;2026-10-06T13:00:03.000Z;6257;1;Presidente
ap;Amapá;uf;TSE (recorte da base nacional);N;1914;1914;100;576988;476562;82,5948;100426;17,4052;476562;464858;97,5441;4415;0,9264;7289;1,5295;212503;45,7135;11342;2,4399;132;0,0284;62;0,0133;212278;45,6651;229;0,0493;53;0,0114;341;0,0734;49;0,0105;8304;1,7864;19057;4,0995;508;0,1093;lideranca;13;225;0,0484;2026-10-05T12:51:05-03:00;atualizado;2026-10-06T13:00:00.000Z;https://resultados.tse.jus.br/oficial/ele2026/6257/dados/ap/ap-c0001-e006257-u.json;2026-10-06T13:00:03.000Z;6257;1;Presidente
ba;Bahia;uf;TSE (recorte da base nacional);NE;35476;35476;100;11312752;9053601;80,0300;2259151;19,9700;9053601;8560291;94,5512;154936;1,7113;338374;3,7375;5664771;66,1750;117518;1,3728;1791;0,0209;1299;0,0152;2442585;28,5339;1676;0,0196;724;0,0085;6497;0,0759;625;0,0073;122705;1,4334;195451;2,2832;4649;0,0543;lideranca;13;3222186;37,6411;2026-10-05T12:51:05-03:00;atualizado;2026-10-06T13:00:00.000Z;https://resultados.tse.jus.br/oficial/ele2026/6257/dados/ba/ba-c0001-e006257-u.json;2026-10-06T13:00:03.000Z;6257;1;Presidente
ce;Ceará;uf;TSE (recorte da base nacional);NE;23765;23765;100;6996545;5910471;84,4770;1086074;15,5230;5910471;5617814;95,0485;103295;1,7477;189362;3,2038;3555263;63,2855;107587;1,9151;1491;0,0265;783;0,0139;1756850;31,2728;1071;0,0191;498;0,0089;4310;0,0767;481;0,0086;45604;0,8118;140524;2,5014;3352;0,0597;lideranca;13;1798413;32,0127;2026-10-05T12:51:05-03:00;atualizado;2026-10-06T13:00:00.000Z;https://resultados.tse.jus.br/oficial/ele2026/6257/dados/ce/ce-c0001-e006257-u.json;2026-10-06T13:00:03.000Z;6257;1;Presidente
df;Distrito Federal;uf;TSE (recorte da base nacional);CO;6969;6969;100;2258320;1831396;81,0955;426924;18,9045;1831396;1772808;96,8009;25362;1,3848;33226;1,8142;675627;38,1106;46714;2,6350;828;0,0467;334;0,0188;909616;51,3093;716;0,0404;382;0,0215;4915;0,2772;324;0,0183;85076;4,7989;45979;2,5936;2297;0,1296;lideranca;22;233989;13,1988;2026-10-05T12:51:05-03:00;atualizado;2026-10-06T13:00:00.000Z;https://resultados.tse.jus.br/oficial/ele2026/6257/dados/df/df-c0001-e006257-u.json;2026-10-06T13:00:03.000Z;6257;1;Presidente
es;Espírito Santo;uf;TSE (recorte da base nacional);SE;9844;9844;100;2991650;2352282;78,6282;639368;21,3718;2352282;2251078;95,6976;43211;1,8370;57993;2,4654;850028;37,7609;53236;2,3649;638;0,0283;388;0,0172;1233194;54,7824;974;0,0433;245;0,0109;5873;0,2609;311;0,0138;39097;1,7368;65121;2,8929;1973;0,0876;lideranca;22;383166;17,0214;2026-10-05T12:51:05-03:00;atualizado;2026-10-06T13:00:00.000Z;https://resultados.tse.jus.br/oficial/ele2026/6257/dados/es/es-c0001-e006257-u.json;2026-10-06T13:00:03.000Z;6257;1;Presidente
go;Goiás;uf;TSE (recorte da base nacional);CO;15686;15686;100;5080590;3971587;78,1718;1109003;21,8282;3971587;3827823;96,3802;45643;1,1492;98121;2,4706;1188880;31,0589;54105;1,4135;668;0,0175;468;0,0122;2051888;53,6046;559;0,0146;260;0,0068;2672;0,0698;346;0,0090;472041;12,3318;53849;1,4068;2087;0,0545;lideranca;22;863008;22,5457;2026-10-05T12:51:05-03:00;atualizado;2026-10-06T13:00:00.000Z;https://resultados.tse.jus.br/oficial/ele2026/6257/dados/go/go-c0001-e006257-u.json;2026-10-06T13:00:03.000Z;6257;1;Presidente
ma;Maranhão;uf;TSE (recorte da base nacional);NE;18093;18093;100;5183115;4160343;80,2672;1022772;19,7328;4160343;4010439;96,3968;46315;1,1132;103589;2,4899;2566301;63,9905;60387;1,5057;1459;0,0364;475;0,0118;1239040;30,8954;895;0,0223;211;0,0053;4584;0,1143;307;0,0077;50155;1,2506;84830;2,1152;1795;0,0448;lideranca;13;1327261;33,0952;2026-10-05T12:51:05-03:00;atualizado;2026-10-06T13:00:01.000Z;https://resultados.tse.jus.br/oficial/ele2026/6257/dados/ma/ma-c0001-e006257-u.json;2026-10-06T13:00:03.000Z;6257;1;Presidente
mg;Minas Gerais;uf;TSE (recorte da base nacional);SE;52062;52062;100;16372372;12637274;77,1866;3735098;22,8134;12637274;11976235;94,7691;268302;2,1231;392737;3,1078;5188936;43,3269;247209;2,0642;4085;0,0341;2300;0,0192;5777548;48,2418;3411;0,0285;1421;0,0119;98407;0,8217;1732;0,0145;230423;1,9240;409737;3,4213;11026;0,0921;lideranca;22;588612;4,9148;2026-10-05T12:51:05-03:00;atualizado;2026-10-06T13:00:01.000Z;https://resultados.tse.jus.br/oficial/ele2026/6257/dados/mg/mg-c0001-e006257-u.json;2026-10-06T13:00:03.000Z;6257;1;Presidente
ms;Mato Grosso do Sul;uf;TSE (recorte da base nacional);CO;7106;7106;100;2024430;1541220;76,1311;483210;23,8689;1541220;1490278;96,6947;21270;1,3801;29672;1,9252;516855;34,6818;31847;2,1370;353;0,0237;332;0,0223;873351;58,6032;626;0,0420;183;0,0123;2792;0,1873;209;0,0140;23291;1,5629;39148;2,6269;1291;0,0866;lideranca;22;356496;23,9214;2026-10-05T12:51:05-03:00;atualizado;2026-10-06T13:00:01.000Z;https://resultados.tse.jus.br/oficial/ele2026/6257/dados/ms/ms-c0001-e006257-u.json;2026-10-06T13:00:03.000Z;6257;1;Presidente
mt;Mato Grosso;uf;TSE (recorte da base nacional);CO;8287;8287;100;2637801;2052133;77,7971;585668;22,2029;2052133;1993288;97,1325;20756;1,0114;38089;1,8561;581681;29,1820;33170;1,6641;340;0,0171;239;0,0120;1298581;65,1477;1869;0,0938;130;0,0065;2424;0,1216;172;0,0086;33079;1,6595;40019;2,0077;1584;0,0795;lideranca;22;716900;35,9657;2026-10-05T12:51:05-03:00;atualizado;2026-10-06T13:00:01.000Z;https://resultados.tse.jus.br/oficial/ele2026/6257/dados/mt/mt-c0001-e006257-u.json;2026-10-06T13:00:03.000Z;6257;1;Presidente
pa;Pará;uf;TSE (recorte da base nacional);N;20827;20827;100;6262397;5066504;80,9036;1195893;19,0964;5066504;4863172;95,9867;54203;1,0698;149129;2,9434;2427237;49,9106;84165;1,7307;1045;0,0215;674;0,0139;2163957;44,4968;1293;0,0266;308;0,0063;3064;0,0630;442;0,0091;51991;1,0691;125172;2,5739;3824;0,0786;lideranca;13;263280;5,4138;2026-10-05T12:51:05-03:00;atualizado;2026-10-06T13:00:01.000Z;https://resultados.tse.jus.br/oficial/ele2026/6257/dados/pa/pa-c0001-e006257-u.json;2026-10-06T13:00:03.000Z;6257;1;Presidente
pb;Paraíba;uf;TSE (recorte da base nacional);NE;10712;10712;100;3248531;2683988;82,6216;564543;17,3784;2683988;2513747;93,6572;52297;1,9485;117944;4,3944;1541127;61,3080;42247;1,6806;627;0,0249;347;0,0138;831377;33,0732;604;0,0240;274;0,0109;1988;0,0791;221;0,0088;19511;0,7762;73831;2,9371;1593;0,0634;lideranca;13;709750;28,2347;2026-10-05T12:51:05-03:00;atualizado;2026-10-06T13:00:01.000Z;https://resultados.tse.jus.br/oficial/ele2026/6257/dados/pb/pb-c0001-e006257-u.json;2026-10-06T13:00:03.000Z;6257;1;Presidente
pe;Pernambuco;uf;TSE (recorte da base nacional);NE;21418;21418;100;7223450;5911062;81,8316;1312388;18,1684;5911062;5601017;94,7548;109491;1,8523;200554;3,3929;3553971;63,4522;85865;1,5330;1114;0,0199;705;0,0126;1738043;31,0308;869;0,0155;410;0,0073;6060;0,1082;457;0,0082;73176;1,3065;137960;2,4631;2387;0,0426;lideranca;13;1815928;32,4214;2026-10-05T12:51:05-03:00;atualizado;2026-10-06T13:00:01.000Z;https://resultados.tse.jus.br/oficial/ele2026/6257/dados/pe/pe-c0001-e006257-u.json;2026-10-06T13:00:03.000Z;6257;1;Presidente
pi;Piauí;uf;TSE (recorte da base nacional);NE;10225;10225;100;2704758;2240883;82,8497;463875;17,1503;2240883;2146394;95,7834;28329;1,2642;66160;2,9524;1523710;70,9893;32274;1,5036;443;0,0206;319;0,0149;517028;24,0882;504;0,0235;146;0,0068;1357;0,0632;193;0,0090;21629;1,0077;47692;2,2220;1099;0,0512;lideranca;13;1006682;46,9011;2026-10-05T12:51:05-03:00;atualizado;2026-10-06T13:00:01.000Z;https://resultados.tse.jus.br/oficial/ele2026/6257/dados/pi/pi-c0001-e006257-u.json;2026-10-06T13:00:03.000Z;6257;1;Presidente
pr;Paraná;uf;TSE (recorte da base nacional);S;27142;27142;100;8613657;6841457;79,4257;1772200;20,5743;6841457;6585243;96,2550;122499;1,7905;133715;1,9545;2054597;31,2000;177434;2,6944;2056;0,0312;1195;0,0181;3945345;59,9119;2445;0,0371;917;0,0139;17172;0,2608;962;0,0146;171294;2,6012;205095;3,1145;6731;0,1022;lideranca;22;1890748;28,7119;2026-10-05T12:51:05-03:00;atualizado;2026-10-06T13:00:01.000Z;https://resultados.tse.jus.br/oficial/ele2026/6257/dados/pr/pr-c0001-e006257-u.json;2026-10-06T13:00:03.000Z;6257;1;Presidente
rj;Rio de Janeiro;uf;TSE (recorte da base nacional);SE;37675;37675;100;12857648;9859802;76,6843;2997846;23,3157;9859802;9369700;95,0293;201979;2,0485;288123;2,9222;3693021;39,4145;211843;2,2609;3999;0,0427;2854;0,0305;4966844;53,0096;4082;0,0436;1793;0,0191;21907;0,2338;1930;0,0206;199844;2,1329;247397;2,6404;14186;0,1514;lideranca;22;1273823;13,5951;2026-10-05T12:51:05-03:00;atualizado;2026-10-06T13:00:01.000Z;https://resultados.tse.jus.br/oficial/ele2026/6257/dados/rj/rj-c0001-e006257-u.json;2026-10-06T13:00:03.000Z;6257;1;Presidente
rn;Rio Grande do Norte;uf;TSE (recorte da base nacional);NE;8115;8115;100;2659825;2171013;81,6224;488812;18,3776;2171013;2071898;95,4346;33172;1,5280;65943;3,0374;1237963;59,7502;35261;1,7019;572;0,0276;315;0,0152;720493;34,7745;405;0,0195;177;0,0085;1525;0,0736;185;0,0089;16407;0,7919;57367;2,7688;1228;0,0593;lideranca;13;517470;24,9757;2026-10-05T12:51:05-03:00;atualizado;2026-10-06T13:00:02.000Z;https://resultados.tse.jus.br/oficial/ele2026/6257/dados/rn/rn-c0001-e006257-u.json;2026-10-06T13:00:03.000Z;6257;1;Presidente
ro;Rondônia;uf;TSE (recorte da base nacional);N;4698;4698;100;1265893;991080;78,2910;274813;21,7090;991080;968059;97,6772;9846;0,9935;13175;1,3294;250667;25,8938;19187;1,9820;174;0,0180;160;0,0165;652988;67,4533;356;0,0368;60;0,0062;1318;0,1361;97;0,0100;16929;1,7488;25280;2,6114;843;0,0871;lideranca;22;402321;41,5596;2026-10-05T12:51:05-03:00;atualizado;2026-10-06T13:00:02.000Z;https://resultados.tse.jus.br/oficial/ele2026/6257/dados/ro/ro-c0001-e006257-u.json;2026-10-06T13:00:03.000Z;6257;1;Presidente
rr;Roraima;uf;TSE (recorte da base nacional);N;1519;1519;100;401521;332772;82,8779;68749;17,1221;332772;325545;97,8282;2618;0,7867;4609;1,3850;74420;22,8601;6623;2,0344;60;0,0184;42;0,0129;231322;71,0568;168;0,0516;34;0,0104;337;0,1035;41;0,0126;3639;1,1178;8579;2,6353;280;0,0860;lideranca;22;156902;48,1967;2026-10-05T12:51:05-03:00;atualizado;2026-10-06T13:00:02.000Z;https://resultados.tse.jus.br/oficial/ele2026/6257/dados/rr/rr-c0001-e006257-u.json;2026-10-06T13:00:03.000Z;6257;1;Presidente
rs;Rio Grande do Sul;uf;TSE (recorte da base nacional);S;27547;27547;100;8522545;6702903;78,6491;1819642;21,3509;6702903;6423046;95,8248;148339;2,2131;131518;1,9621;2294759;35,7270;167558;2,6087;2146;0,0334;1031;0,0161;3573783;55,6400;2066;0,0322;1043;0,0162;18988;0,2956;923;0,0144;158821;2,4727;195296;3,0406;6632;0,1033;lideranca;22;1279024;19,9130;2026-10-05T12:51:05-03:00;atualizado;2026-10-06T13:00:02.000Z;https://resultados.tse.jus.br/oficial/ele2026/6257/dados/rs/rs-c0001-e006257-u.json;2026-10-06T13:00:03.000Z;6257;1;Presidente
sc;Santa Catarina;uf;TSE (recorte da base nacional);S;17326;17326;100;5734651;4648159;81,0539;1086492;18,9461;4648159;4500897;96,8318;69007;1,4846;78255;1,6836;1127168;25,0432;132795;2,9504;1503;0,0334;828;0,0184;3000020;66,6538;1429;0,0317;643;0,0143;16718;0,3714;560;0,0124;79911;1,7754;134273;2,9832;5049;0,1122;lideranca;22;1872852;41,6106;2026-10-05T12:51:05-03:00;atualizado;2026-10-06T13:00:02.000Z;https://resultados.tse.jus.br/oficial/ele2026/6257/dados/sc/sc-c0001-e006257-u.json;2026-10-06T13:00:03.000Z;6257;1;Presidente
se;Sergipe;uf;TSE (recorte da base nacional);NE;5923;5923;100;1740135;1439082;82,6994;301053;17,3006;1439082;1364196;94,7963;24859;1,7274;50027;3,4763;856019;62,7490;21405;1,5691;331;0,0243;204;0,0150;417839;30,6290;457;0,0335;108;0,0079;1158;0,0849;138;0,0101;26651;1,9536;38895;2,8511;991;0,0726;lideranca;13;438180;32,1200;2026-10-05T12:51:05-03:00;atualizado;2026-10-06T13:00:02.000Z;https://resultados.tse.jus.br/oficial/ele2026/6257/dados/se/se-c0001-e006257-u.json;2026-10-06T13:00:03.000Z;6257;1;Presidente
sp;São Paulo;uf;TSE (recorte da base nacional);SE;103656;103656;100;34122892;26431992;77,4612;7690900;22,5388;26431992;24882948;94,1395;632801;2,3941;916243;3,4664;9505413;38,2005;804310;3,2324;15815;0,0636;6129;0,0246;12922023;51,9312;10563;0,0425;4429;0,0178;94635;0,3803;5160;0,0207;579571;2,3292;892368;3,5863;42532;0,1709;lideranca;22;3416610;13,7307;2026-10-05T12:51:05-03:00;atualizado;2026-10-06T13:00:02.000Z;https://resultados.tse.jus.br/oficial/ele2026/6257/dados/sp/sp-c0001-e006257-u.json;2026-10-06T13:00:03.000Z;6257;1;Presidente
to;Tocantins;uf;TSE (recorte da base nacional);N;4384;4384;100;1182023;965196;81,6563;216827;18,3437;965196;930447;96,3998;8344;0,8645;26405;2,7357;404009;43,4210;12983;1,3954;101;0,0109;117;0,0126;469321;50,4404;171;0,0184;65;0,0070;595;0,0639;67;0,0072;20189;2,1698;22434;2,4111;395;0,0425;lideranca;22;65312;7,0194;2026-10-05T12:51:05-03:00;atualizado;2026-10-06T13:00:02.000Z;https://resultados.tse.jus.br/oficial/ele2026/6257/dados/to/to-c0001-e006257-u.json;2026-10-06T13:00:03.000Z;6257;1;Presidente
zz;Exterior;exterior;TSE (recorte da base nacional);;1351;1351;100;916534;341766;37,3062;574345;62,6938;341766;330882;96,8154;5816;1,7017;5068;1,4829;157387;47,5659;8580;2,5931;373;0,1127;421;0,1272;143900;43,4898;825;0,2493;199;0,0601;3329;1,0061;373;0,1127;4708;1,4229;9734;2,9418;1053;0,3182;lideranca;13;13487;4,0761;2026-10-05T12:51:05-03:00;atualizado;2026-10-06T13:00:02.000Z;https://resultados.tse.jus.br/oficial/ele2026/6257/dados/zz/zz-c0001-e006257-u.json;2026-10-06T13:00:03.000Z;6257;1;Presidente
